"Data Source","Indicateurs du développement dans le monde",

"Last Updated Date","2023-12-18",

"Country Name","Country Code","Indicator Name","Indicator Code","1960","1961","1962","1963","1964","1965","1966","1967","1968","1969","1970","1971","1972","1973","1974","1975","1976","1977","1978","1979","1980","1981","1982","1983","1984","1985","1986","1987","1988","1989","1990","1991","1992","1993","1994","1995","1996","1997","1998","1999","2000","2001","2002","2003","2004","2005","2006","2007","2008","2009","2010","2011","2012","2013","2014","2015","2016","2017","2018","2019","2020","2021","2022",
"Aruba","ABW","Lignes de chemin de fer (routes totales en km)","IS.RRS.TOTL.KM","","","","","","","","","","","","","","","","","","","","","","","","","","","","","","","","","","","","","","","","","","","","","","","","","","","","","","","","","","","","","","","",
"","AFE","Lignes de chemin de fer (routes totales en km)","IS.RRS.TOTL.KM","","","","","","","","","","","","","","","","","","","","","","","","","","","","","","","","","","","","","","","","","","","","","","","","","","","","","","","","","","","","","","","",
"Afghanistan","AFG","Lignes de chemin de fer (routes totales en km)","IS.RRS.TOTL.KM","","","","","","","","","","","","","","","","","","","","","","","","","","","","","","","","","","","","","","","","","","","","","","","","","","","","","","","","","","","","","","","",
"","AFW","Lignes de chemin de fer (routes totales en km)","IS.RRS.TOTL.KM","","","","","","","","","","","","","","","","","","","","","","","","","","","","","","","","","","","","","","","","","","","","","","","","","","","","","","","","","","","","","","","",
"Angola","AGO","Lignes de chemin de fer (routes totales en km)","IS.RRS.TOTL.KM","","","","","","","","","","","","","","","","","","","","","","","","","","","","","","","","","","","","","","","","","","","","","","","","","","","","","","","","","","","","","","","",
"Albanie","ALB","Lignes de chemin de fer (routes totales en km)","IS.RRS.TOTL.KM","","","","","","","","","","","","","","","","","","","","","","","","","","","","","","","","","","","","674","447","447","447","440","440","447","447","447","447","423","423","423","423","423","","","","","","","","","","","","","",
"Andorre","AND","Lignes de chemin de fer (routes totales en km)","IS.RRS.TOTL.KM","","","","","","","","","","","","","","","","","","","","","","","","","","","","","","","","","","","","","","","","","","","","","","","","","","","","","","","","","","","","","","","",
"Le monde arabe","ARB","Lignes de chemin de fer (routes totales en km)","IS.RRS.TOTL.KM","","","","","","","","","","","","","","","","","","","","","","","","","","","","","","","","","","","","","","","","","","","","","","","","","","","","","","","","","","","","","","","",
"Émirats arabes unis","ARE","Lignes de chemin de fer (routes totales en km)","IS.RRS.TOTL.KM","","","","","","","","","","","","","","","","","","","","","","","","","","","","","","","","","","","","","","","","","","","","","","","","","","","","","","","","","","","279","261","261","279","",
"Argentine","ARG","Lignes de chemin de fer (routes totales en km)","IS.RRS.TOTL.KM","","","","","","","","","","","","","","","","","","","","","","","","","","","","","","","","","","","","","","","","","","","","","","3150","13488","","","","","","","18097","18097","","17609","17609","17866","17866","","","",
"Arménie","ARM","Lignes de chemin de fer (routes totales en km)","IS.RRS.TOTL.KM","","","","","","","","","","","","","","","","","","","","","","","","","","","","","","","","","","","","796","796","796","796","843","843","843","711","711","711","","845","","826.072","","826.07201","","","","703.2","703.2","679.363","685.66","698.4","698.4","698.4","698.4","",
"Samoa américaines","ASM","Lignes de chemin de fer (routes totales en km)","IS.RRS.TOTL.KM","","","","","","","","","","","","","","","","","","","","","","","","","","","","","","","","","","","","","","","","","","","","","","","","","","","","","","","","","","","","","","","",
"Antigua-et-Barbuda","ATG","Lignes de chemin de fer (routes totales en km)","IS.RRS.TOTL.KM","","","","","","","","","","","","","","","","","","","","","","","","","","","","","","","","","","","","","","","","","","","","","","","","","","","","","","","","","","","","","","","",
"Australie","AUS","Lignes de chemin de fer (routes totales en km)","IS.RRS.TOTL.KM","","","","","","","","","","","","","","","","","","","","","","","","","","","","","","","","","","","","","","","","","","","","","","","","","","","","","","","","","","","","","","","",
"Autriche","AUT","Lignes de chemin de fer (routes totales en km)","IS.RRS.TOTL.KM","","","","","","","","","","","","","","","","","","","","","","","","","","","","","","","","","","","","5672","5672","5672","5739","5740","5665","5697","5779","5752","5766","5782","5818","5793","5784","5356","5351","4917","4985","4950","4956","4937","4917","4953","4955","4968","4966","4962","",
"Azerbaïdjan","AZE","Lignes de chemin de fer (routes totales en km)","IS.RRS.TOTL.KM","","","","","","","","","","","","","","","","","","","","","","","","","","","","","","","","","","","","2123","2116","2117","2116","2116","2116","2116","2122","2122","2122","2122","2122","2099","2099.1","2079","2079.1","2079.3","2068.1","2068.1","2066.4","2067.8","2074","2132","2133.07","2139.87","2239.18","2138.85","",
"Burundi","BDI","Lignes de chemin de fer (routes totales en km)","IS.RRS.TOTL.KM","","","","","","","","","","","","","","","","","","","","","","","","","","","","","","","","","","","","","","","","","","","","","","","","","","","","","","","","","","","","","","","",
"Belgique","BEL","Lignes de chemin de fer (routes totales en km)","IS.RRS.TOTL.KM","","","","","","","","","","","","","","","","","","","","","","","","","","","","","","","","","","","","3368","3380","3422","3470","3472","3471","3454","3518","3521","3536","3544","3500","3374","3513","3578","3582","","3592","","3631","3607","3602","3605","3607","3615","3615","3612","",
"Bénin","BEN","Lignes de chemin de fer (routes totales en km)","IS.RRS.TOTL.KM","","","","","","","","","","","","","","","","","","","","","","","","","","","","","","","","","","","","","579","579","458","458","","","","438","","","758","","","","","","","","","","","","","","","","",
"Burkina Faso","BFA","Lignes de chemin de fer (routes totales en km)","IS.RRS.TOTL.KM","","","","","","","","","","","","","","","","","","","","","","","","","","","","","","","","","","","","622","622","622","622","622","622","622","622","622","622","622","622","622","622","622","","","","518","518","518","518","518","518","518","518","518","",
"Bangladesh","BGD","Lignes de chemin de fer (routes totales en km)","IS.RRS.TOTL.KM","","","","","","","","","","","","","","","","","","","","","","","","","","","","","","","","","","","","2706","2705","2705","2734","2705","2745","2855","2855","2855","2855","2855","2855","2835","2835","2835","2835","2791","2877","2877","2791","2877","2877","2877","2877","2877","","","",
"Bulgarie","BGR","Lignes de chemin de fer (routes totales en km)","IS.RRS.TOTL.KM","","","","","","","","","","","","","","","","","","","","","","","","","","","","","","","","","","","","4294","4293","4292","4290","4290","4320","4320","4318","4318","4259","4154","4146","4143","4144","4150","4097","4072","4070","4032","4023","4019","4029","4030","4030","4030","4029","4031","",
"Bahreïn","BHR","Lignes de chemin de fer (routes totales en km)","IS.RRS.TOTL.KM","","","","","","","","","","","","","","","","","","","","","","","","","","","","","","","","","","","","","","","","","","","","","","","","","","","","","","","","","","","","","","","",
"Bahamas","BHS","Lignes de chemin de fer (routes totales en km)","IS.RRS.TOTL.KM","","","","","","","","","","","","","","","","","","","","","","","","","","","","","","","","","","","","","","","","","","","","","","","","","","","","","","","","","","","","","","","",
"Bosnie-Herzégovine","BIH","Lignes de chemin de fer (routes totales en km)","IS.RRS.TOTL.KM","","","","","","","","","","","","","","","","","","","","","","","","","","","","","","","","","","","","1032","963","963","1031","1031","943","1032","1032","1033","1000","1000","1024.495","1017.054","1017.054","1017.054","1027.054","1027.054","1027.054","1027.054","1027.054","1027.054","1018.054","417","1018.054","1018.054","","","",
"Bélarus","BLR","Lignes de chemin de fer (routes totales en km)","IS.RRS.TOTL.KM","","","","","","","","","","","","","","","","","","","","","","","","","","","","","","","","","","","","5543","5547","5542","5531","5523","5512","5509","5512","5502","5498","5498","5494","5494","5491","5491","5482","5482","5462","5469","5470","5470","5459","5459","5459","5459.2","5453.5","5474","",
"Belize","BLZ","Lignes de chemin de fer (routes totales en km)","IS.RRS.TOTL.KM","","","","","","","","","","","","","","","","","","","","","","","","","","","","","","","","","","","","","","","","","","","","","","","","","","","","","","","","","","","","","","","",
"Bermudes","BMU","Lignes de chemin de fer (routes totales en km)","IS.RRS.TOTL.KM","","","","","","","","","","","","","","","","","","","","","","","","","","","","","","","","","","","","","","","","","","","","","","","","","","","","","","","","","","","","","","","",
"Bolivie","BOL","Lignes de chemin de fer (routes totales en km)","IS.RRS.TOTL.KM","","","","","","","","","","","","","","","","","","","","","","","","","","","","","","","","","","","","","","","","","","","","","","","","","","","","","","","","","","","","","","","",
"Brésil","BRA","Lignes de chemin de fer (routes totales en km)","IS.RRS.TOTL.KM","","","","","","","","","","","","","","","","","","","","","","","","","","","","","","","","","","","","","","","","","","","","","512","","","32622","","","","","","","","","","","","","","","",
"Barbade","BRB","Lignes de chemin de fer (routes totales en km)","IS.RRS.TOTL.KM","","","","","","","","","","","","","","","","","","","","","","","","","","","","","","","","","","","","","","","","","","","","","","","","","","","","","","","","","","","","","","","",
"Brunéi Darussalam","BRN","Lignes de chemin de fer (routes totales en km)","IS.RRS.TOTL.KM","","","","","","","","","","","","","","","","","","","","","","","","","","","","","","","","","","","","","","","","","","","","","","","","","","","","","","","","","","","","","","","",
"Bhoutan","BTN","Lignes de chemin de fer (routes totales en km)","IS.RRS.TOTL.KM","","","","","","","","","","","","","","","","","","","","","","","","","","","","","","","","","","","","","","","","","","","","","","","","","","","","","","","","","","","","","","","",
"Botswana","BWA","Lignes de chemin de fer (routes totales en km)","IS.RRS.TOTL.KM","","","","","","","","","","","","","","","","","","","","","","","","","","","","","","","","","","","","971","888","888","888","888","","","","","","","888","888","","","","","","","","886","886","886","886","886","886","886","",
"République centrafricaine","CAF","Lignes de chemin de fer (routes totales en km)","IS.RRS.TOTL.KM","","","","","","","","","","","","","","","","","","","","","","","","","","","","","","","","","","","","","","","","","","","","","","","","","","","","","","","","","","","","","","","",
"Canada","CAN","Lignes de chemin de fer (routes totales en km)","IS.RRS.TOTL.KM","","","","","","","","","","","","","","","","","","","","","","","","","","","","","","","","","","","","","","","","","","","","","","","","","","","","","","","46968.6","45581.6","48498.4","48150.4","47687.4","47987.47","48309.23088","48149.90622","",
"Europe centrale et les pays baltes","CEB","Lignes de chemin de fer (routes totales en km)","IS.RRS.TOTL.KM","","","","","","","","","","","","","","","","","","","","","","","","","","","","","","","","","","","","","","","","","","","","","","","","","","","","","","","","","","","","","","","",
"Suisse","CHE","Lignes de chemin de fer (routes totales en km)","IS.RRS.TOTL.KM","","","","","","","","","","","","","","","","","","","","","","","","","","","","","","","","","","","","3232","3234","3184","3151","3143","3216","3225","3222","3231","3381","3399","3563","3349","3557","3599","3573.621","3551.185","3557.787","3611.016","4018.719","3976.315","4034.485","4050.523","4046.845537","3647.245487","3671.75128","4122.25096","",
"Îles Anglo-Normandes","CHI","Lignes de chemin de fer (routes totales en km)","IS.RRS.TOTL.KM","","","","","","","","","","","","","","","","","","","","","","","","","","","","","","","","","","","","","","","","","","","","","","","","","","","","","","","","","","","","","","","",
"Chili","CHL","Lignes de chemin de fer (routes totales en km)","IS.RRS.TOTL.KM","","","","","","","","","","","","","","","","","","","","","","","","","","","","","","","","","","","","2742","2710","","2208","2084","2035","2035","2035","","2030","2120","","","","","","","","","","","","2057","2396","2396","2396","2396","",
"Chine","CHN","Lignes de chemin de fer (routes totales en km)","IS.RRS.TOTL.KM","","","","","","","","","","","","","","","","","","","","","","","","","","","","","","","","","","","","54616","56678","57566","57583","57394","58656","59079","59530","60446","61015","62200","63411.7","63636.5","60809","65491","66239","72487","85843","79306","85320","89966","91675","93742","96353","102462","106235","109767","",
"Côte d'Ivoire","CIV","Lignes de chemin de fer (routes totales en km)","IS.RRS.TOTL.KM","","","","","","","","","","","","","","","","","","","","","","","","","","","","","","","","","","","","","","","","","639","639","639","639","639","639","639","639","639","639","639","639","639","639","639","639","639","639","639","639","639","639","",
"Cameroun","CMR","Lignes de chemin de fer (routes totales en km)","IS.RRS.TOTL.KM","","","","","","","","","","","","","","","","","","","","","","","","","","","","","","","","","","","","1006","1006","1006","1016","1016","1016","1016","1016","988","974","982","982","976.5","976.5","976.5","976.5","976.5","","","","","1004","884","884","884","884","884","",
"Congo, République démocratique du","COD","Lignes de chemin de fer (routes totales en km)","IS.RRS.TOTL.KM","","","","","","","","","","","","","","","","","","","","","","","","","","","","","","","","","","","","4477","3641","3641","3641","3641","3641","3641","4499","4499","3641","3641","4007","4007","3641","3641","3641","3641","3641","3641","3641","3641","3641","3641","3641","3641","3641","3641","",
"Congo, République du","COG","Lignes de chemin de fer (routes totales en km)","IS.RRS.TOTL.KM","","","","","","","","","","","","","","","","","","","","","","","","","","","","","","","","","","","","706","706","706","895","895","900","900","900","795","795","795","795","","","","","","893.2","","","","","","","","","","",
"Colombie","COL","Lignes de chemin de fer (routes totales en km)","IS.RRS.TOTL.KM","","","","","","","","","","","","","","","","","","","","","","","","","","","","","","","","","","","","","","","","","","","","","","","","","","","","","","","","","","","","","","","",
"Comores","COM","Lignes de chemin de fer (routes totales en km)","IS.RRS.TOTL.KM","","","","","","","","","","","","","","","","","","","","","","","","","","","","","","","","","","","","","","","","","","","","","","","","","","","","","","","","","","","","","","","",
"Cabo Verde","CPV","Lignes de chemin de fer (routes totales en km)","IS.RRS.TOTL.KM","","","","","","","","","","","","","","","","","","","","","","","","","","","","","","","","","","","","","","","","","","","","","","","","","","","","","","","","","","","","","","","",
"Costa Rica","CRI","Lignes de chemin de fer (routes totales en km)","IS.RRS.TOTL.KM","","","","","","","","","","","","","","","","","","","","","","","","","","","","","","","","","","","","581","581","581","581","581","581","848","","","","","","","","","","","","","","","","","","","","","",
"Petits états des Caraïbes","CSS","Lignes de chemin de fer (routes totales en km)","IS.RRS.TOTL.KM","","","","","","","","","","","","","","","","","","","","","","","","","","","","","","","","","","","","","","","","","","","","","","","","","","","","","","","","","","","","","","","",
"Cuba","CUB","Lignes de chemin de fer (routes totales en km)","IS.RRS.TOTL.KM","","","","","","","","","","","","","","","","","","","","","","","","","","","","","","","","","","","","4693","4527","4509","4252","4179","4252","4382","4428","4538","4184","4065","4065","5075.6","","","","","","","","","","","","","","","",
"Curacao","CUW","Lignes de chemin de fer (routes totales en km)","IS.RRS.TOTL.KM","","","","","","","","","","","","","","","","","","","","","","","","","","","","","","","","","","","","","","","","","","","","","","","","","","","","","","","","","","","","","","","",
"Îles Caïmans","CYM","Lignes de chemin de fer (routes totales en km)","IS.RRS.TOTL.KM","","","","","","","","","","","","","","","","","","","","","","","","","","","","","","","","","","","","","","","","","","","","","","","","","","","","","","","","","","","","","","","",
"Chypre","CYP","Lignes de chemin de fer (routes totales en km)","IS.RRS.TOTL.KM","","","","","","","","","","","","","","","","","","","","","","","","","","","","","","","","","","","","","","","","","","","","","","","","","","","","","","","","","","","","","","","",
"République tchèque","CZE","Lignes de chemin de fer (routes totales en km)","IS.RRS.TOTL.KM","","","","","","","","","","","","","","","","","","","","","","","","","","","","","","","","","","","","9430","9435","9430","9430","9365","9365","9444","9499","9501","9511","9513","9491","9481","9486","9477","9468.848","9470.16","9468.265","9459.031","9457.612","9466.893","9462.687","9408","9406","9396","9377","9357","",
"Allemagne","DEU","Lignes de chemin de fer (routes totales en km)","IS.RRS.TOTL.KM","","","","","","","","","","","","","","","","","","","","","","","","","","","","","","","","","","","","41718","40826","38450","38150","37589","36642","36050","35868","36054","34724.575","34228.19","34128.4","33977.603","33862.3","33721.305","33714.093","33575.872","33506","33449","33426","33332","33380","33488","33440","33423","33399","33401","",
"Djibouti","DJI","Lignes de chemin de fer (routes totales en km)","IS.RRS.TOTL.KM","","","","","","","","","","","","","","","","","","","","","","","","","","","","","","","","","","","","","","","","781","781","781","781","781","","","","","","","","","","","","","","","","","","","",
"Dominique","DMA","Lignes de chemin de fer (routes totales en km)","IS.RRS.TOTL.KM","","","","","","","","","","","","","","","","","","","","","","","","","","","","","","","","","","","","","","","","","","","","","","","","","","","","","","","","","","","","","","","",
"Danemark","DNK","Lignes de chemin de fer (routes totales en km)","IS.RRS.TOTL.KM","","","","","","","","","","","","","","","","","","","","","","","","","","","","","","","","","","","","2349","2349","2232","2264","2324","2047","2047","2273","2273","2212","2134","2133","2133","2131","2131","","","","","","","","","","","","","",
"République dominicaine","DOM","Lignes de chemin de fer (routes totales en km)","IS.RRS.TOTL.KM","","","","","","","","","","","","","","","","","","","","","","","","","","","","","","","","","","","","","","","","","","","","","","","","","","","","","","","","","","","","","","","",
"Algérie","DZA","Lignes de chemin de fer (routes totales en km)","IS.RRS.TOTL.KM","","","","","","","","","","","","","","","","","","","","","","","","","","","","","","","","","","","","4290","4219","4219","4272","3973","3973","3572","3572","3572","3572","3572","3572","3572","3572","4723","3664","4226","4175","","3799.94","3799.94","3843.17","4016.25","4016.25","4020.25","","4000.5","",
"Asie de l’Est et Pacifique (hors revenu élevé)","EAP","Lignes de chemin de fer (routes totales en km)","IS.RRS.TOTL.KM","","","","","","","","","","","","","","","","","","","","","","","","","","","","","","","","","","","","","","","","","","","","","","","","","","","","","","","","","","","","","","","",
"de dividende précoce démographique","EAR","Lignes de chemin de fer (routes totales en km)","IS.RRS.TOTL.KM","","","","","","","","","","","","","","","","","","","","","","","","","","","","","","","","","","","","","","","","","","","","","","","","","","","","","","","","","","","","","","","",
"Asie de l’Est et Pacifique","EAS","Lignes de chemin de fer (routes totales en km)","IS.RRS.TOTL.KM","","","","","","","","","","","","","","","","","","","","","","","","","","","","","","","","","","","","","","","","","","","","","","","","","","","","","","","","","","","","","","","",
"Europe et Asie centrale (hors revenu élevé)","ECA","Lignes de chemin de fer (routes totales en km)","IS.RRS.TOTL.KM","","","","","","","","","","","","","","","","","","","","","","","","","","","","","","","","","","","","","","","","","","","","","","","","","","","","","","","","","","","","","","","",
"Europe et Asie centrale","ECS","Lignes de chemin de fer (routes totales en km)","IS.RRS.TOTL.KM","","","","","","","","","","","","","","","","","","","","","","","","","","","","","","","","","","","","","","","","","","","","","","","","","","","","","","","","","","","","","","","",
"Équateur","ECU","Lignes de chemin de fer (routes totales en km)","IS.RRS.TOTL.KM","","","","","","","","","","","","","","","","","","","","","","","","","","","","","","","","","","","","956","956","956","956","956","956","","","","","","","","","","","","","","","","","","","","","","",
"Égypte, République arabe d’","EGY","Lignes de chemin de fer (routes totales en km)","IS.RRS.TOTL.KM","","","","","","","","","","","","","","","","","","","","","","","","","","","","","","","","","","","","4810","4940","4976","5006","5024","5062","5125","5150","5150","5150","5195","5063","5063","5195","5195","5195","","","","","5153","5153","","","","","","",
"Zone euro","EMU","Lignes de chemin de fer (routes totales en km)","IS.RRS.TOTL.KM","","","","","","","","","","","","","","","","","","","","","","","","","","","","","","","","","","","","","","","","","","","","","","","","","","","","","","","","","","","","","","","",
"Érythrée","ERI","Lignes de chemin de fer (routes totales en km)","IS.RRS.TOTL.KM","","","","","","","","","","","","","","","","","","","","","","","","","","","","","","","","","","","","","","","","","","","","","","","","","","","","","","","","","","","","","","","",
"Espagne","ESP","Lignes de chemin de fer (routes totales en km)","IS.RRS.TOTL.KM","","","","","","","","","","","","","","","","","","","","","","","","","","","","","","","","","","","","13856","13837","13853","13862","13875","13868","13868","13856","14387","14395","14272","14472","15011.52","15041","15044","15590.12","15680.563","15438","15582","15506","15711","15650","15559","15618","15718","15848","15963","",
"Estonie","EST","Lignes de chemin de fer (routes totales en km)","IS.RRS.TOTL.KM","","","","","","","","","","","","","","","","","","","","","","","","","","","","","","","","","","","","1021","1021","966","966","968","968","967","967","967","959","959","962","816","816","797","787","792","792","","1018","1034","1034","1033","","","","","",
"Éthiopie","ETH","Lignes de chemin de fer (routes totales en km)","IS.RRS.TOTL.KM","","","","","","","","","","","","","","","","","","","","","","","","","","","","","","","","","","","","","","","","","","","","","","","","","","","","","","","","","754","754","754","","","","",
"Union européenne","EUU","Lignes de chemin de fer (routes totales en km)","IS.RRS.TOTL.KM","","","","","","","","","","","","","","","","","","","","","","","","","","","","","","","","","","","","","","","","","","","","","","","","","","","","","","","","","","","","","","","",
"Fragile et les situations de conflit touchées","FCS","Lignes de chemin de fer (routes totales en km)","IS.RRS.TOTL.KM","","","","","","","","","","","","","","","","","","","","","","","","","","","","","","","","","","","","","","","","","","","","","","","","","","","","","","","","","","","","","","","",
"Finlande","FIN","Lignes de chemin de fer (routes totales en km)","IS.RRS.TOTL.KM","","","","","","","","","","","","","","","","","","","","","","","","","","","","","","","","","","","","5880","5859","5865","5867","5836","5854","5850","5850","5851","5741","5732","5905","5899","5919","5919","5919","5944","5944","5944","5944","5923","5926","5926","5926","5923","5918","5918","",
"Fidji","FJI","Lignes de chemin de fer (routes totales en km)","IS.RRS.TOTL.KM","","","","","","","","","","","","","","","","","","","","","","","","","","","","","","","","","","","","","","","","","","","","","","","","","","","","","","","","","","","","","","","",
"France","FRA","Lignes de chemin de fer (routes totales en km)","IS.RRS.TOTL.KM","","","","","","","","","","","","","","","","","","","","","","","","","","","","","","","","","","","","31997","31910","31879","31793","29171","29330","29503","29410","29327","29304","28470","29620","29976","29959","33698","29929","30071","29406","29979","","28866","29236.65","29248.142","28241","28157","27872","27716","",
"Îles Féroé","FRO","Lignes de chemin de fer (routes totales en km)","IS.RRS.TOTL.KM","","","","","","","","","","","","","","","","","","","","","","","","","","","","","","","","","","","","","","","","","","","","","","","","","","","","","","","","","","","","","","","",
"Micronésie, États fédérés de","FSM","Lignes de chemin de fer (routes totales en km)","IS.RRS.TOTL.KM","","","","","","","","","","","","","","","","","","","","","","","","","","","","","","","","","","","","","","","","","","","","","","","","","","","","","","","","","","","","","","","",
"Gabon","GAB","Lignes de chemin de fer (routes totales en km)","IS.RRS.TOTL.KM","","","","","","","","","","","","","","","","","","","","","","","","","","","","","","","","","","","","683","814","814","814","814","731","731","731","731","810","810","810","810","810","813","810","810","810","810","810","810","810","810","810","648","648","648","",
"Royaume-Uni","GBR","Lignes de chemin de fer (routes totales en km)","IS.RRS.TOTL.KM","","","","","","","","","","","","","","","","","","","","","","","","","","","","","","","","","","","","17001","17001","16991","16999","16989","16992","16992","17010","16833","16530","","","16263","16273","16239","15888","16209.59","15846.5","15861","16532.1","16245.1","16257","16294","16295","16295","16351","16178.56","",
"Géorgie","GEO","Lignes de chemin de fer (routes totales en km)","IS.RRS.TOTL.KM","","","","","","","","","","","","","","","","","","","","","","","","","","","","","","","","","","","","1575","1575","1576","1576","1545","1562","1565","1565","1563.8","1336","1336","1513","1513","1523.6","1566","1566.4","1262.2","1577.6","1453.4","1453.4","1491","1415","1285","1285","1378","1411","1387","",
"Ghana","GHA","Lignes de chemin de fer (routes totales en km)","IS.RRS.TOTL.KM","","","","","","","","","","","","","","","","","","","","","","","","","","","","","","","","","","","","953","953","953","953","953","953","953","953","977","","","953","","","","","","","","","","","","","","","","",
"Gibraltar","GIB","Lignes de chemin de fer (routes totales en km)","IS.RRS.TOTL.KM","","","","","","","","","","","","","","","","","","","","","","","","","","","","","","","","","","","","","","","","","","","","","","","","","","","","","","","","","","","","","","","",
"Guinée","GIN","Lignes de chemin de fer (routes totales en km)","IS.RRS.TOTL.KM","","","","","","","","","","","","","","","","","","","","","","","","","","","","","","","","","","","","","","","","","","","","","","","","","","","","","","","","","","","","","","","",
"Gambie","GMB","Lignes de chemin de fer (routes totales en km)","IS.RRS.TOTL.KM","","","","","","","","","","","","","","","","","","","","","","","","","","","","","","","","","","","","","","","","","","","","","","","","","","","","","","","","","","","","","","","",
"Guinée-Bissau","GNB","Lignes de chemin de fer (routes totales en km)","IS.RRS.TOTL.KM","","","","","","","","","","","","","","","","","","","","","","","","","","","","","","","","","","","","","","","","","","","","","","","","","","","","","","","","","","","","","","","",
"Guinée équatoriale","GNQ","Lignes de chemin de fer (routes totales en km)","IS.RRS.TOTL.KM","","","","","","","","","","","","","","","","","","","","","","","","","","","","","","","","","","","","","","","","","","","","","","","","","","","","","","","","","","","","","","","",
"Grèce","GRC","Lignes de chemin de fer (routes totales en km)","IS.RRS.TOTL.KM","","","","","","","","","","","","","","","","","","","","","","","","","","","","","","","","","","","","2474","2474","2503","2299","2299","2385","2377","2383","2414","2449","2576","2509","2551","2552","2552","2552","2554","2208","2265","2238","2240","2240","2240","2293","2280","2345","2339","",
"Grenade","GRD","Lignes de chemin de fer (routes totales en km)","IS.RRS.TOTL.KM","","","","","","","","","","","","","","","","","","","","","","","","","","","","","","","","","","","","","","","","","","","","","","","","","","","","","","","","","","","","","","","",
"Groenland","GRL","Lignes de chemin de fer (routes totales en km)","IS.RRS.TOTL.KM","","","","","","","","","","","","","","","","","","","","","","","","","","","","","","","","","","","","","","","","","","","","","","","","","","","","","","","","","","","","","","","",
"Guatemala","GTM","Lignes de chemin de fer (routes totales en km)","IS.RRS.TOTL.KM","","","","","","","","","","","","","","","","","","","","","","","","","","","","","","","","","","","","903","903","903","903","903","903","","","","885","","","","","","","","","","","","","","","","","","",
"Guam","GUM","Lignes de chemin de fer (routes totales en km)","IS.RRS.TOTL.KM","","","","","","","","","","","","","","","","","","","","","","","","","","","","","","","","","","","","","","","","","","","","","","","","","","","","","","","","","","","","","","","",
"Guyana","GUY","Lignes de chemin de fer (routes totales en km)","IS.RRS.TOTL.KM","","","","","","","","","","","","","","","","","","","","","","","","","","","","","","","","","","","","","","","","","","","","","","","","","","","","","","","","","","","","","","","",
"Revenu élevé","HIC","Lignes de chemin de fer (routes totales en km)","IS.RRS.TOTL.KM","","","","","","","","","","","","","","","","","","","","","","","","","","","","","","","","","","","","","","","","","","","","","","","","","","","","","","","","","","","","","","","",
"Chine, RAS de Hong Kong","HKG","Lignes de chemin de fer (routes totales en km)","IS.RRS.TOTL.KM","","","","","","","","","","","","","","","","","","","","","","","","","","","","","","","","","","","","100","","","","","","","","","","113","","","","","","","","","","","","","","","","230.1","",
"Honduras","HND","Lignes de chemin de fer (routes totales en km)","IS.RRS.TOTL.KM","","","","","","","","","","","","","","","","","","","","","","","","","","","","","","","","","","","","","","","","","","","","","","","","","","","","","","","","","","","","","","","",
"Pays pauvres très endettés (PPTE)","HPC","Lignes de chemin de fer (routes totales en km)","IS.RRS.TOTL.KM","","","","","","","","","","","","","","","","","","","","","","","","","","","","","","","","","","","","","","","","","","","","","","","","","","","","","","","","","","","","","","","",
"Croatie","HRV","Lignes de chemin de fer (routes totales en km)","IS.RRS.TOTL.KM","","","","","","","","","","","","","","","","","","","","","","","","","","","","","","","","","","","","2296","2726","2726","2726","2726","2726","2726","2726","2726","2726","2726","2722","2722","2723","2722","2722","2722","2723","2722","2604","2604","2605","2605","2605","2617","2617","2617","",
"Haïti","HTI","Lignes de chemin de fer (routes totales en km)","IS.RRS.TOTL.KM","","","","","","","","","","","","","","","","","","","","","","","","","","","","","","","","","","","","","","","","","","","","","","","","","","","","","","","","","","","","","","","",
"Hongrie","HUN","Lignes de chemin de fer (routes totales en km)","IS.RRS.TOTL.KM","","","","","","","","","","","","","","","","","","","","","","","","","","","","","","","","","","","","7988","7988","7988","7988","7988","8005","7736","7950","7950","7950","7950","7960","7942","7892","7892","7902.7","7877.9","7894.8","7894.8","7894.8","7896","7748.7","7751.7","7587.7","7587.7","7587.7","8037","",
"BIRD seulement","IBD","Lignes de chemin de fer (routes totales en km)","IS.RRS.TOTL.KM","","","","","","","","","","","","","","","","","","","","","","","","","","","","","","","","","","","","","","","","","","","","","","","","","","","","","","","","","","","","","","","",
"BIRD et IDA","IBT","Lignes de chemin de fer (routes totales en km)","IS.RRS.TOTL.KM","","","","","","","","","","","","","","","","","","","","","","","","","","","","","","","","","","","","","","","","","","","","","","","","","","","","","","","","","","","","","","","",
"IDA totale","IDA","Lignes de chemin de fer (routes totales en km)","IS.RRS.TOTL.KM","","","","","","","","","","","","","","","","","","","","","","","","","","","","","","","","","","","","","","","","","","","","","","","","","","","","","","","","","","","","","","","",
"IDA mélange","IDB","Lignes de chemin de fer (routes totales en km)","IS.RRS.TOTL.KM","","","","","","","","","","","","","","","","","","","","","","","","","","","","","","","","","","","","","","","","","","","","","","","","","","","","","","","","","","","","","","","",
"Indonésie","IDN","Lignes de chemin de fer (routes totales en km)","IS.RRS.TOTL.KM","","","","","","","","","","","","","","","","","","","","","","","","","","","","","","","","","","","","6441","6441","6441","6441","6458","","","","","","","3370","5213","5279","","4684","4828","4861","5107","5196","5357","5384","4748.742","5483.312","5483","","","",
"IDA seulement","IDX","Lignes de chemin de fer (routes totales en km)","IS.RRS.TOTL.KM","","","","","","","","","","","","","","","","","","","","","","","","","","","","","","","","","","","","","","","","","","","","","","","","","","","","","","","","","","","","","","","",
"Île de Man","IMN","Lignes de chemin de fer (routes totales en km)","IS.RRS.TOTL.KM","","","","","","","","","","","","","","","","","","","","","","","","","","","","","","","","","","","","","","","","","","","","","","","","","","","","","","","","","","","","","","","",
"Inde","IND","Lignes de chemin de fer (routes totales en km)","IS.RRS.TOTL.KM","","","","","","","","","","","","","","","","","","","","","","","","","","","","","","","","","","","","62660","62915","62725","62495","62810","62759","63028","63140","63122","63221","63485","63332","63327","63273","64015","63974","64460","64600","65436","65808","66030","66687","67368","69249","67414.07","67955.63","68102.73","",
"Non classifié","INX","Lignes de chemin de fer (routes totales en km)","IS.RRS.TOTL.KM","","","","","","","","","","","","","","","","","","","","","","","","","","","","","","","","","","","","","","","","","","","","","","","","","","","","","","","","","","","","","","","",
"Irlande","IRL","Lignes de chemin de fer (routes totales en km)","IS.RRS.TOTL.KM","","","","","","","","","","","","","","","","","","","","","","","","","","","","","","","","","","","","1954","1954","1945","1909","1909","1919","1919","1919","1919","1919","1919","1919","1919","1919","1919","1919","1919","1919","1894","1458","1458","2174","1888","1888","1888","1888","1650","",
"Iran, République islamique d’","IRN","Lignes de chemin de fer (routes totales en km)","IS.RRS.TOTL.KM","","","","","","","","","","","","","","","","","","","","","","","","","","","","","","","","","","","","5332","5372","5733","6002","6005","6042","6048","6152","6154","6405","7131","7265","7335","7554.5","7903.5","8216.5","8367.5","8368","8592.5","8559.5","8559.5","8576","9021","9327","9454","9453.8","9455","",
"Iraq","IRQ","Lignes de chemin de fer (routes totales en km)","IS.RRS.TOTL.KM","","","","","","","","","","","","","","","","","","","","","","","","","","","","","","","","","","","","2422","2339","2799","2339","2603","2603","2018","2339","1898","1898","1898","2032","","2025","","2138","","","","2370","","","","","","","","",
"Islande","ISL","Lignes de chemin de fer (routes totales en km)","IS.RRS.TOTL.KM","","","","","","","","","","","","","","","","","","","","","","","","","","","","","","","","","","","","","","","","","","","","","","","","","","","","","","","","","","","","","","","",
"Israël","ISR","Lignes de chemin de fer (routes totales en km)","IS.RRS.TOTL.KM","","","","","","","","","","","","","","","","","","","","","","","","","","","","","","","","","","","","610","610","610","666","663","669","676","676","615","853","910","941","958","1043.203","1051.911","1034","1078.937","1142.544","1153","1194","1277","1340.105","1495","1521","1598.916","1619","1720","",
"Italie","ITA","Lignes de chemin de fer (routes totales en km)","IS.RRS.TOTL.KM","","","","","","","","","","","","","","","","","","","","","","","","","","","","","","","","","","","","16003","16014","16030","16080","16092","16295","16357","16307","16288","16285.5","16751","16627.1","16667.3","16860.9","17003.842","16703.7","16726.4","16741.6","16751.6","16722.6","16723.8","16788.3","16787.2","16780.8","16778.6","17255.6","17305.2","",
"Jamaïque","JAM","Lignes de chemin de fer (routes totales en km)","IS.RRS.TOTL.KM","","","","","","","","","","","","","","","","","","","","","","","","","","","","","","","","","","","","","","","","","","","","","","","","","","","","","","","","","","","","","","","",
"Jordanie","JOR","Lignes de chemin de fer (routes totales en km)","IS.RRS.TOTL.KM","","","","","","","","","","","","","","","","","","","","","","","","","","","","","","","","","","","","","","","","","","","","","","","","","","","","","","","","","","","","","","","",
"Japon","JPN","Lignes de chemin de fer (routes totales en km)","IS.RRS.TOTL.KM","","","","","","","","","","","","","","","","","","","","","","","","","","","","","","","","","","","","","","","","","","","","","","","","","","","20140.3","20087.4","","","","","","","","","","","",
"Kazakhstan","KAZ","Lignes de chemin de fer (routes totales en km)","IS.RRS.TOTL.KM","","","","","","","","","","","","","","","","","","","","","","","","","","","","","","","","","","","","13736","13537","13660","13642","13601","13545","13597","13597","13770","14203","14204","14205","14205","14205","14192.2","14184.1","14319.4","14758.9","14767.1","14767.1","14767.1","15529","16040.3","16060.8","16060.8","16063","16005.6","",
"Kenya","KEN","Lignes de chemin de fer (routes totales en km)","IS.RRS.TOTL.KM","","","","","","","","","","","","","","","","","","","","","","","","","","","","","","","","","","","","2740","2778","2634","2634","2634","2634","2634","2634","2634","1917","","","","","","","","","","","","","","","","","","",
"République kirghize","KGZ","Lignes de chemin de fer (routes totales en km)","IS.RRS.TOTL.KM","","","","","","","","","","","","","","","","","","","","","","","","","","","","","","","","","","","","415","417","417","417","417","417","417","417","417","417","417","417","417","417.2","417","417.2","417.2","417.2","417","424","424","424","424","424","424","424","417","",
"Cambodge","KHM","Lignes de chemin de fer (routes totales en km)","IS.RRS.TOTL.KM","","","","","","","","","","","","","","","","","","","","","","","","","","","","","","","","","","","","650","601","601","650","650","601","603","603","650","650","","","","","","","","","","","","","","","","","","",
"Kiribati","KIR","Lignes de chemin de fer (routes totales en km)","IS.RRS.TOTL.KM","","","","","","","","","","","","","","","","","","","","","","","","","","","","","","","","","","","","","","","","","","","","","","","","","","","","","","","","","","","","","","","",
"Saint-Kitts-et-Nevis","KNA","Lignes de chemin de fer (routes totales en km)","IS.RRS.TOTL.KM","","","","","","","","","","","","","","","","","","","","","","","","","","","","","","","","","","","","","","","","","","","","","","","","","","","","","","","","","","","","","","","",
"Corée, République de","KOR","Lignes de chemin de fer (routes totales en km)","IS.RRS.TOTL.KM","","","","","","","","","","","","","","","","","","","","","","","","","","","","","","","","","","","","3101","3120","3118","3125","3118","3123","3125","3129","3140","3374","3392","3392","3399","3381","3378","3618.3","3637.2","3650.1","3666.1","3668.3","3944","4071","4071","4200","4109.15","4284.7","4308.5","",
"Koweït","KWT","Lignes de chemin de fer (routes totales en km)","IS.RRS.TOTL.KM","","","","","","","","","","","","","","","","","","","","","","","","","","","","","","","","","","","","","","","","","","","","","","","","","","","","","","","","","","","","","","","",
"Amérique latine et Caraïbes (hors revenu élevé)","LAC","Lignes de chemin de fer (routes totales en km)","IS.RRS.TOTL.KM","","","","","","","","","","","","","","","","","","","","","","","","","","","","","","","","","","","","","","","","","","","","","","","","","","","","","","","","","","","","","","","",
"République démocratique populaire lao","LAO","Lignes de chemin de fer (routes totales en km)","IS.RRS.TOTL.KM","","","","","","","","","","","","","","","","","","","","","","","","","","","","","","","","","","","","","","","","","","","","","","","","","","","","","","","","","","","","","","","",
"Liban","LBN","Lignes de chemin de fer (routes totales en km)","IS.RRS.TOTL.KM","","","","","","","","","","","","","","","","","","","","","","","","","","","","","","","","","","","","","","","","","","","401","","","","","","","","","","","","","","","","","","","","",
"Libéria","LBR","Lignes de chemin de fer (routes totales en km)","IS.RRS.TOTL.KM","","","","","","","","","","","","","","","","","","","","","","","","","","","","","","","","","","","","","","","","","","","","","","","","","","","","","","","","","","","","","","","",
"Libye","LBY","Lignes de chemin de fer (routes totales en km)","IS.RRS.TOTL.KM","","","","","","","","","","","","","","","","","","","","","","","","","","","","","","","","","","","","","","","","","","","","","","","","","","","","","","","","","","","","","","","",
"Sainte-Lucie","LCA","Lignes de chemin de fer (routes totales en km)","IS.RRS.TOTL.KM","","","","","","","","","","","","","","","","","","","","","","","","","","","","","","","","","","","","","","","","","","","","","","","","","","","","","","","","","","","","","","","",
"Amérique latine et Caraïbes","LCN","Lignes de chemin de fer (routes totales en km)","IS.RRS.TOTL.KM","","","","","","","","","","","","","","","","","","","","","","","","","","","","","","","","","","","","","","","","","","","","","","","","","","","","","","","","","","","","","","","",
"Pays les moins avancés: classement de l’ONU","LDC","Lignes de chemin de fer (routes totales en km)","IS.RRS.TOTL.KM","","","","","","","","","","","","","","","","","","","","","","","","","","","","","","","","","","","","","","","","","","","","","","","","","","","","","","","","","","","","","","","",
"Faible revenu","LIC","Lignes de chemin de fer (routes totales en km)","IS.RRS.TOTL.KM","","","","","","","","","","","","","","","","","","","","","","","","","","","","","","","","","","","","","","","","","","","","","","","","","","","","","","","","","","","","","","","",
"Liechtenstein","LIE","Lignes de chemin de fer (routes totales en km)","IS.RRS.TOTL.KM","","","","","","","","","","","","","","","","","","","","","","","","","","","","","","","","","","","","","","","","","","","","","","","","","","","","","","","","","","","","","","","",
"Sri Lanka","LKA","Lignes de chemin de fer (routes totales en km)","IS.RRS.TOTL.KM","","","","","","","","","","","","","","","","","","","","","","","","","","","","","","","","","","","","1491","1491","1491","1491","1463","","","","","","","","1463","","","","1148.3","1148.11","1254.23","","1567","1561.706","1562","1562","1562","","","",
"Revenu intermédiaire, tranche inférieure","LMC","Lignes de chemin de fer (routes totales en km)","IS.RRS.TOTL.KM","","","","","","","","","","","","","","","","","","","","","","","","","","","","","","","","","","","","","","","","","","","","","","","","","","","","","","","","","","","","","","","",
"Revenu faible et intermédiaire","LMY","Lignes de chemin de fer (routes totales en km)","IS.RRS.TOTL.KM","","","","","","","","","","","","","","","","","","","","","","","","","","","","","","","","","","","","","","","","","","","","","","","","","","","","","","","","","","","","","","","",
"Lesotho","LSO","Lignes de chemin de fer (routes totales en km)","IS.RRS.TOTL.KM","","","","","","","","","","","","","","","","","","","","","","","","","","","","","","","","","","","","","","","","","","","","","","","","","","","","","","","","","","","","","","","",
"de dividende tardif démographique","LTE","Lignes de chemin de fer (routes totales en km)","IS.RRS.TOTL.KM","","","","","","","","","","","","","","","","","","","","","","","","","","","","","","","","","","","","","","","","","","","","","","","","","","","","","","","","","","","","","","","",
"Lituanie","LTU","Lignes de chemin de fer (routes totales en km)","IS.RRS.TOTL.KM","","","","","","","","","","","","","","","","","","","","","","","","","","","","","","","","","","","","2002","1997","1998","1998","1905","1905","1696","1775","1774","1782","1771","1771","1766","1765","1767","1767","1767","1767","1767","1767","1877","1911","1911","1911","1911","1911","1919","",
"Luxembourg","LUX","Lignes de chemin de fer (routes totales en km)","IS.RRS.TOTL.KM","","","","","","","","","","","","","","","","","","","","","","","","","","","","","","","","","","","","275","274","274","274","274","274","274","274","275","275","275","275","275","275","275","275","275","275","275","275","275","275","275","288","288","271","271","",
"Lettonie","LVA","Lignes de chemin de fer (routes totales en km)","IS.RRS.TOTL.KM","","","","","","","","","","","","","","","","","","","","","","","","","","","","","","","","","","","","2413","2413","2413","2413","2413","2331","2305","2270","2270","2270","2270","2269","2265","2263","1883","1897","1865","1864","1859","1859","1859.6","1859.6","1859.6","1859.6","1859.6","1859.1","1859.1","",
"Région administrative spéciale de Macao, Chine","MAC","Lignes de chemin de fer (routes totales en km)","IS.RRS.TOTL.KM","","","","","","","","","","","","","","","","","","","","","","","","","","","","","","","","","","","","","","","","","","","","","","","","","","","","","","","","","","","","","","","",
"Saint-Martin (fr)","MAF","Lignes de chemin de fer (routes totales en km)","IS.RRS.TOTL.KM","","","","","","","","","","","","","","","","","","","","","","","","","","","","","","","","","","","","","","","","","","","","","","","","","","","","","","","","","","","","","","","",
"Maroc","MAR","Lignes de chemin de fer (routes totales en km)","IS.RRS.TOTL.KM","","","","","","","","","","","","","","","","","","","","","","","","","","","","","","","","","","","","1907","1907","1907","1907","1907","1907","1907","1907","1907","1907","1907","1907","1907","1989","2190","2109","2109","2109","2109","2109","2109","2109","2109","2295","2295","2295","2295","",
"Monaco","MCO","Lignes de chemin de fer (routes totales en km)","IS.RRS.TOTL.KM","","","","","","","","","","","","","","","","","","","","","","","","","","","","","","","","","","","","","","","","","","","","","","","","","","","","","","","","","","","","","","","",
"Moldova","MDA","Lignes de chemin de fer (routes totales en km)","IS.RRS.TOTL.KM","","","","","","","","","","","","","","","","","","","","","","","","","","","","","","","","","","","","1326","1326","1322","1219","1140","1139","1121","1120","1111","1075","1075","1154","1153.6","1157.1","1157.1","1156.9","1156.9","1156.9","1156.9","1156","1151","1151","1151","1151","1151","1151","1149","",
"Madagascar","MDG","Lignes de chemin de fer (routes totales en km)","IS.RRS.TOTL.KM","","","","","","","","","","","","","","","","","","","","","","","","","","","","","","","","","","","","883","883","883","883","883","883","883","883","","","","","854","","673","673","673","673","673","673","673","","","673","673","673","673","",
"Maldives","MDV","Lignes de chemin de fer (routes totales en km)","IS.RRS.TOTL.KM","","","","","","","","","","","","","","","","","","","","","","","","","","","","","","","","","","","","","","","","","","","","","","","","","","","","","","","","","","","","","","","",
"Afrique du Nord et Moyen-Orient","MEA","Lignes de chemin de fer (routes totales en km)","IS.RRS.TOTL.KM","","","","","","","","","","","","","","","","","","","","","","","","","","","","","","","","","","","","","","","","","","","","","","","","","","","","","","","","","","","","","","","",
"Mexique","MEX","Lignes de chemin de fer (routes totales en km)","IS.RRS.TOTL.KM","","","","","","","","","","","","","","","","","","","","","","","","","","","","","","","","","","","","","","","","","","","","","","","","","","","","","","","","","","","","","","","",
"Îles Marshall","MHL","Lignes de chemin de fer (routes totales en km)","IS.RRS.TOTL.KM","","","","","","","","","","","","","","","","","","","","","","","","","","","","","","","","","","","","","","","","","","","","","","","","","","","","","","","","","","","","","","","",
"Revenu intermédiaire","MIC","Lignes de chemin de fer (routes totales en km)","IS.RRS.TOTL.KM","","","","","","","","","","","","","","","","","","","","","","","","","","","","","","","","","","","","","","","","","","","","","","","","","","","","","","","","","","","","","","","",
"Macédoine du Nord","MKD","Lignes de chemin de fer (routes totales en km)","IS.RRS.TOTL.KM","","","","","","","","","","","","","","","","","","","","","","","","","","","","","","","","","","","","699","699","699","699","699","699","699","699","699","699","699","699","699","699","699","699","699","699","699","699","683","683","683","683","683","683","683","",
"Mali","MLI","Lignes de chemin de fer (routes totales en km)","IS.RRS.TOTL.KM","","","","","","","","","","","","","","","","","","","","","","","","","","","","","","","","","","","","729","729","729","729","729","734","734","733","","","","","","","","","","","","","","","","","","","","",
"Malte","MLT","Lignes de chemin de fer (routes totales en km)","IS.RRS.TOTL.KM","","","","","","","","","","","","","","","","","","","","","","","","","","","","","","","","","","","","","","","","","","","","","","","","","","","","","","","","","","","","","","","",
"Myanmar","MMR","Lignes de chemin de fer (routes totales en km)","IS.RRS.TOTL.KM","","","","","","","","","","","","","","","","","","","","","","","","","","","","","","","","","","","","","","","","4746","","","","","","","","","","","","","","","","","","","","","","","",
"Afrique du Nord et Moyen-Orient (hors revenu élevé)","MNA","Lignes de chemin de fer (routes totales en km)","IS.RRS.TOTL.KM","","","","","","","","","","","","","","","","","","","","","","","","","","","","","","","","","","","","","","","","","","","","","","","","","","","","","","","","","","","","","","","",
"Monténégro","MNE","Lignes de chemin de fer (routes totales en km)","IS.RRS.TOTL.KM","","","","","","","","","","","","","","","","","","","","","","","","","","","","","","","","","","","","","","","","","","","","249","249","248","248","249","249","249","249","239.2","239.2","249","249","249","249","249","249","250","","","",
"Mongolie","MNG","Lignes de chemin de fer (routes totales en km)","IS.RRS.TOTL.KM","","","","","","","","","","","","","","","","","","","","","","","","","","","","","","","","","","","","","1810","1810","1810","1810","1810","1810","1810","1810","1810","1810","1810","1810","1810","1810","1814","1815","1810","1810","1822.5","1810","1810","1810","1810","1814","1821","1821","",
"Mariannes","MNP","Lignes de chemin de fer (routes totales en km)","IS.RRS.TOTL.KM","","","","","","","","","","","","","","","","","","","","","","","","","","","","","","","","","","","","","","","","","","","","","","","","","","","","","","","","","","","","","","","",
"Mozambique","MOZ","Lignes de chemin de fer (routes totales en km)","IS.RRS.TOTL.KM","","","","","","","","","","","","","","","","","","","","","","","","","","","","","","","","","","","","3123","3123","3109","3114","3114","3114","3131","3131","3131","3070","3070","","3116","3116","3116","3116","3116","","","","","","","","","","","",
"Mauritanie","MRT","Lignes de chemin de fer (routes totales en km)","IS.RRS.TOTL.KM","","","","","","","","","","","","","","","","","","","","","","","","","","","","","","","","","","","","","","","","","","","717","","","","","728","728","728","728","","","","","","728","728","728","728","728","728","",
"Maurice","MUS","Lignes de chemin de fer (routes totales en km)","IS.RRS.TOTL.KM","","","","","","","","","","","","","","","","","","","","","","","","","","","","","","","","","","","","","","","","","","","","","","","","","","","","","","","","","","","","","","","",
"Malawi","MWI","Lignes de chemin de fer (routes totales en km)","IS.RRS.TOTL.KM","","","","","","","","","","","","","","","","","","","","","","","","","","","","","","","","","","","","","","","","","","","","","","","","797","","","","","","","","","","","","","","","",
"Malaisie","MYS","Lignes de chemin de fer (routes totales en km)","IS.RRS.TOTL.KM","","","","","","","","","","","","","","","","","","","","","","","","","","","","","","","","","","","","1798","2227","1614","1614","1622","1636","1636","1636","1667","1667","1667","1667","1667","1664.965","1665","2209.715","2250.284","","","","","","2773","1655","1655","1655","1655","",
"Amérique du Nord","NAC","Lignes de chemin de fer (routes totales en km)","IS.RRS.TOTL.KM","","","","","","","","","","","","","","","","","","","","","","","","","","","","","","","","","","","","","","","","","","","","","","","","","","","","","","","","","","","","","","","",
"Namibie","NAM","Lignes de chemin de fer (routes totales en km)","IS.RRS.TOTL.KM","","","","","","","","","","","","","","","","","","","","","","","","","","","","","","","","","","","","","","","","","","","","","","","","","","","","","","","","","","","","","","","",
"Nouvelle-Calédonie","NCL","Lignes de chemin de fer (routes totales en km)","IS.RRS.TOTL.KM","","","","","","","","","","","","","","","","","","","","","","","","","","","","","","","","","","","","","","","","","","","","","","","","","","","","","","","","","","","","","","","",
"Niger","NER","Lignes de chemin de fer (routes totales en km)","IS.RRS.TOTL.KM","","","","","","","","","","","","","","","","","","","","","","","","","","","","","","","","","","","","","","","","","","","","","","","","","","","","","","","","","","","","","","","",
"Nigéria","NGA","Lignes de chemin de fer (routes totales en km)","IS.RRS.TOTL.KM","","","","","","","","","","","","","","","","","","","","","","","","","","","","","","","","","","","","3557","3557","3557","3557","3557","3557","3557","3505","3505","3528","3528","3528","3528","3528","3528","3528","3528","3528","3528","3528","3528","","","","","","","",
"Nicaragua","NIC","Lignes de chemin de fer (routes totales en km)","IS.RRS.TOTL.KM","","","","","","","","","","","","","","","","","","","","","","","","","","","","","","","","","","","","","","","","","","","","","","","","","","","","","","","","","","","","","","","",
"Pays-Bas","NLD","Lignes de chemin de fer (routes totales en km)","IS.RRS.TOTL.KM","","","","","","","","","","","","","","","","","","","","","","","","","","","","","","","","","","","","2739","2739","2805","2808","2808","2802","2809","2806","2811","2811","2813","2776","2895.561","2896","2886","3016","","","","","","","","3078","3078","3078","3041","",
"Norvège","NOR","Lignes de chemin de fer (routes totales en km)","IS.RRS.TOTL.KM","","","","","","","","","","","","","","","","","","","","","","","","","","","","","","","","","","","","4023","4021","4021","4006","4179","4179","4178","4077","4077","4077","4087","4087","4114","4114","","","4154","","","4219","4209","4209","4208","4200","","3885","3885","",
"Népal","NPL","Lignes de chemin de fer (routes totales en km)","IS.RRS.TOTL.KM","","","","","","","","","","","","","","","","","","","","","","","","","","","","","","","","","","","","","","","","","","","","","","","","","","","","","","","","","","","","","","","",
"Nauru","NRU","Lignes de chemin de fer (routes totales en km)","IS.RRS.TOTL.KM","","","","","","","","","","","","","","","","","","","","","","","","","","","","","","","","","","","","","","","","","","","","","","","","","","","","","","","","","","","","","","","",
"Nouvelle-Zélande","NZL","Lignes de chemin de fer (routes totales en km)","IS.RRS.TOTL.KM","","","","","","","","","","","","","","","","","","","","","","","","","","","","","","","","","","","","","3913","3913","3908","","","","","","","","","","","","","","","","","","","","","","","","",
"Pays membres de l'OCDE","OED","Lignes de chemin de fer (routes totales en km)","IS.RRS.TOTL.KM","","","","","","","","","","","","","","","","","","","","","","","","","","","","","","","","","","","","","","","","","","","","","","","","","","","","","","","","","","","","","","","",
"Oman","OMN","Lignes de chemin de fer (routes totales en km)","IS.RRS.TOTL.KM","","","","","","","","","","","","","","","","","","","","","","","","","","","","","","","","","","","","","","","","","","","","","","","","","","","","","","","","","","","","","","","",
"Autres petits états","OSS","Lignes de chemin de fer (routes totales en km)","IS.RRS.TOTL.KM","","","","","","","","","","","","","","","","","","","","","","","","","","","","","","","","","","","","","","","","","","","","","","","","","","","","","","","","","","","","","","","",
"Pakistan","PAK","Lignes de chemin de fer (routes totales en km)","IS.RRS.TOTL.KM","","","","","","","","","","","","","","","","","","","","","","","","","","","","","","","","","","","","8775","7792","7792","7792","7791","7791","7791","7791","7791","7791","7791","7791","7791","7791","7791","7791","7791","7791","7791","7784","7791","7791","7791","7791","7791","","","",
"Panama","PAN","Lignes de chemin de fer (routes totales en km)","IS.RRS.TOTL.KM","","","","","","","","","","","","","","","","","","","","","","","","","","","","","","","","","","","","485","485","485","485","485","485","","","","","","","","","","","","","","","","","","","","","","",
"Pérou","PER","Lignes de chemin de fer (routes totales en km)","IS.RRS.TOTL.KM","","","","","","","","","","","","","","","","","","","","","","","","","","","","","","","","","","","","1615","1613","1691","1639","","","","","","","","","","","","","","","","","","","","","","","","",
"Philippines","PHL","Lignes de chemin de fer (routes totales en km)","IS.RRS.TOTL.KM","","","","","","","","","","","","","","","","","","","","","","","","","","","","","","","","","","","","456","456","468","491","491","","","","","","","","","479","","","","","","","509","509","","","","","","",
"Palaos","PLW","Lignes de chemin de fer (routes totales en km)","IS.RRS.TOTL.KM","","","","","","","","","","","","","","","","","","","","","","","","","","","","","","","","","","","","","","","","","","","","","","","","","","","","","","","","","","","","","","","",
"Papouasie-Nouvelle-Guinée","PNG","Lignes de chemin de fer (routes totales en km)","IS.RRS.TOTL.KM","","","","","","","","","","","","","","","","","","","","","","","","","","","","","","","","","","","","","","","","","","","","","","","","","","","","","","","","","","","","","","","",
"Pologne","POL","Lignes de chemin de fer (routes totales en km)","IS.RRS.TOTL.KM","","","","","","","","","","","","","","","","","","","","","","","","","","","","","","","","","","","","23986","23420","23328","23210","22891","22560","20134","20223","19900","19617","19599","19429","19419","19627","19764","19702","19725","19617","18959","18942","18510","18429","18513","18536","18538","18611","18620","",
"de Pré-dividende démographique","PRE","Lignes de chemin de fer (routes totales en km)","IS.RRS.TOTL.KM","","","","","","","","","","","","","","","","","","","","","","","","","","","","","","","","","","","","","","","","","","","","","","","","","","","","","","","","","","","","","","","",
"Porto Rico","PRI","Lignes de chemin de fer (routes totales en km)","IS.RRS.TOTL.KM","","","","","","","","","","","","","","","","","","","","","","","","","","","","","","","","","","","","","","","","","","","","","","","","","","","","","","","","","","","","","","","",
"Corée, République démocratique de","PRK","Lignes de chemin de fer (routes totales en km)","IS.RRS.TOTL.KM","","","","","","","","","","","","","","","","","","","","","","","","","","","","","","","","","","","","","","","","5214","","","","","","","","","","","","","","","","","","","","","","","",
"Portugal","PRT","Lignes de chemin de fer (routes totales en km)","IS.RRS.TOTL.KM","","","","","","","","","","","","","","","","","","","","","","","","","","","","","","","","","","","","2850","2850","2856","2794","2813","2814","2814","2881","2818","2849","2839","2839","2838","2842","2842","2842","2794","2541.254","2544.349","2545.96","2545.96","2545.96","2545.96","2545.96","2526.149","2526.149","2527.053","",
"Paraguay","PRY","Lignes de chemin de fer (routes totales en km)","IS.RRS.TOTL.KM","","","","","","","","","","","","","","","","","","","","","","","","","","","","","","","","","","","","441","441","441","441","441","441","","","","","","","","","","","","","","","","","","","","","","",
"Cisjordanie et Gaza","PSE","Lignes de chemin de fer (routes totales en km)","IS.RRS.TOTL.KM","","","","","","","","","","","","","","","","","","","","","","","","","","","","","","","","","","","","","","","","","","","","","","","","","","","","","","","","","","","","","","","",
"Petits états insulaires du Pacifique","PSS","Lignes de chemin de fer (routes totales en km)","IS.RRS.TOTL.KM","","","","","","","","","","","","","","","","","","","","","","","","","","","","","","","","","","","","","","","","","","","","","","","","","","","","","","","","","","","","","","","",
"de Post-dividende démographique","PST","Lignes de chemin de fer (routes totales en km)","IS.RRS.TOTL.KM","","","","","","","","","","","","","","","","","","","","","","","","","","","","","","","","","","","","","","","","","","","","","","","","","","","","","","","","","","","","","","","",
"Polynésie française","PYF","Lignes de chemin de fer (routes totales en km)","IS.RRS.TOTL.KM","","","","","","","","","","","","","","","","","","","","","","","","","","","","","","","","","","","","","","","","","","","","","","","","","","","","","","","","","","","","","","","",
"Qatar","QAT","Lignes de chemin de fer (routes totales en km)","IS.RRS.TOTL.KM","","","","","","","","","","","","","","","","","","","","","","","","","","","","","","","","","","","","","","","","","","","","","","","","","","","","","","","","","","","","","","","",
"Roumanie","ROU","Lignes de chemin de fer (routes totales en km)","IS.RRS.TOTL.KM","","","","","","","","","","","","","","","","","","","","","","","","","","","","","","","","","","","","11376","11385","11380","11364","11364","11364","11364","11364","10882","10844","10781","10781","10777","10777","10776","10777","10777","10777","10768","10770","10770","10766","10766","10765","10759","10769","10769","",
"Fédération de Russie","RUS","Lignes de chemin de fer (routes totales en km)","IS.RRS.TOTL.KM","","","","","","","","","","","","","","","","","","","","","","","","","","","","","","","","","","","","87388","87086","86660","86151","86031","86075","85835","85542","85394","85286","85542","85253","84158","85194","85281","85292","85166","85248","85266","84581","85262","85375","85545","85626","85494","85555","85544","",
"Rwanda","RWA","Lignes de chemin de fer (routes totales en km)","IS.RRS.TOTL.KM","","","","","","","","","","","","","","","","","","","","","","","","","","","","","","","","","","","","","","","","","","","","","","","","","","","","","","","","","","","","","","","",
"Asie du Sud","SAS","Lignes de chemin de fer (routes totales en km)","IS.RRS.TOTL.KM","","","","","","","","","","","","","","","","","","","","","","","","","","","","","","","","","","","","","","","","","","","","","","","","","","","","","","","","","","","","","","","",
"Arabie saoudite","SAU","Lignes de chemin de fer (routes totales en km)","IS.RRS.TOTL.KM","","","","","","","","","","","","","","","","","","","","","","","","","","","","","","","","","","","","1018","1018","1018","1018","1018","958","1078","1020","1020","1020","1020","1020","1020","1020","","1412","","","","","","","2620","2939","","","","",
"Soudan","SDN","Lignes de chemin de fer (routes totales en km)","IS.RRS.TOTL.KM","","","","","","","","","","","","","","","","","","","","","","","","","","","","","","","","","","","","4595","4595","4595","4595","4595","4599","4578","4578","4578","4578","4578","4578","","4508","","4708","4313","4313","4313","4313","","","","2747","2747","2747","","",
"Sénégal","SEN","Lignes de chemin de fer (routes totales en km)","IS.RRS.TOTL.KM","","","","","","","","","","","","","","","","","","","","","","","","","","","","","","","","","","","","906","906","906","906","906","906","906","906","906","906","","","","","","","","","","","","","","","","","","",
"Singapour","SGP","Lignes de chemin de fer (routes totales en km)","IS.RRS.TOTL.KM","","","","","","","","","","","","","","","","","","","","","","","","","","","","","","","","","","","","","","","","","","","","","","","","","","","","","","","","","","","","","","","",
"Îles Salomon","SLB","Lignes de chemin de fer (routes totales en km)","IS.RRS.TOTL.KM","","","","","","","","","","","","","","","","","","","","","","","","","","","","","","","","","","","","","","","","","","","","","","","","","","","","","","","","","","","","","","","",
"Sierra Leone","SLE","Lignes de chemin de fer (routes totales en km)","IS.RRS.TOTL.KM","","","","","","","","","","","","","","","","","","","","","","","","","","","","","","","","","","","","","","","","","","","","","","","","","","","","","","","","","","","","","","","",
"El Salvador","SLV","Lignes de chemin de fer (routes totales en km)","IS.RRS.TOTL.KM","","","","","","","","","","","","","","","","","","","","","","","","","","","","","","","","","","","","564","564","564","547","547","547","547","547","547","","","","","","","","","","","","","","","","","","","",
"Saint-Marin","SMR","Lignes de chemin de fer (routes totales en km)","IS.RRS.TOTL.KM","","","","","","","","","","","","","","","","","","","","","","","","","","","","","","","","","","","","","","","","","","","","","","","","","","","","","","","","","","","","","","","",
"Somalie","SOM","Lignes de chemin de fer (routes totales en km)","IS.RRS.TOTL.KM","","","","","","","","","","","","","","","","","","","","","","","","","","","","","","","","","","","","","","","","","","","","","","","","","","","","","","","","","","","","","","","",
"Serbie","SRB","Lignes de chemin de fer (routes totales en km)","IS.RRS.TOTL.KM","","","","","","","","","","","","","","","","","","","","","","","","","","","","","","","","","","","","","","","","","3809","3809","3809","3809","3809","3809","3809","3809","3809","3809","3809","3809","3809","3809","3809","3809","3736","3736","3724.468","3724.468","3333.422","3348.077","",
"Afrique subsaharienne (hors revenu élevé)","SSA","Lignes de chemin de fer (routes totales en km)","IS.RRS.TOTL.KM","","","","","","","","","","","","","","","","","","","","","","","","","","","","","","","","","","","","","","","","","","","","","","","","","","","","","","","","","","","","","","","",
"Soudan du Sud","SSD","Lignes de chemin de fer (routes totales en km)","IS.RRS.TOTL.KM","","","","","","","","","","","","","","","","","","","","","","","","","","","","","","","","","","","","","","","","","","","","","","","","","","","","","","","","","","","","","","","",
"Afrique subsaharienne","SSF","Lignes de chemin de fer (routes totales en km)","IS.RRS.TOTL.KM","","","","","","","","","","","","","","","","","","","","","","","","","","","","","","","","","","","","","","","","","","","","","","","","","","","","","","","","","","","","","","","",
"Petits états","SST","Lignes de chemin de fer (routes totales en km)","IS.RRS.TOTL.KM","","","","","","","","","","","","","","","","","","","","","","","","","","","","","","","","","","","","","","","","","","","","","","","","","","","","","","","","","","","","","","","",
"Sao Tomé-et-Principe","STP","Lignes de chemin de fer (routes totales en km)","IS.RRS.TOTL.KM","","","","","","","","","","","","","","","","","","","","","","","","","","","","","","","","","","","","","","","","","","","","","","","","","","","","","","","","","","","","","","","",
"Suriname","SUR","Lignes de chemin de fer (routes totales en km)","IS.RRS.TOTL.KM","","","","","","","","","","","","","","","","","","","","","","","","","","","","","","","","","","","","","","","","","","","","","","","","","","","","","","","","","","","","","","","",
"République slovaque","SVK","Lignes de chemin de fer (routes totales en km)","IS.RRS.TOTL.KM","","","","","","","","","","","","","","","","","","","","","","","","","","","","","","","","","","","","3668","3673","3665","3667","3662","3662","3662","3657","3657","3660","3626","3626","3629.15","3622.039","3622.686","3622.418","3624.077","3631.386","3631.306","3627.102","3626.369","3626.297","3626.441","3626.611","3629.154","3626.856","3626.457","",
"Slovénie","SVN","Lignes de chemin de fer (routes totales en km)","IS.RRS.TOTL.KM","","","","","","","","","","","","","","","","","","","","","","","","","","","","","","","","","","","","1201","1201","1201","1201","1201","1201","1229","1229","1229","1229","1228","1228","1228","1228","1228","1228.05","1209.14","1209.14","1209.09","1209.05","1209.044","1209.044","1209.05","1209","1209","1209","1209","",
"Suède","SWE","Lignes de chemin de fer (routes totales en km)","IS.RRS.TOTL.KM","","","","","","","","","","","","","","","","","","","","","","","","","","","","","","","","","","","","10884","10923","10738","10929","10705","10698","9865","9940","9882","9895","9867","9869","9821","9840","9946","9968","10014","9944","9765","9689","9716","9684","9684","9708","9701","9711","9714","",
"Eswatini","SWZ","Lignes de chemin de fer (routes totales en km)","IS.RRS.TOTL.KM","","","","","","","","","","","","","","","","","","","","","","","","","","","","","","","","","","","","","","","","","","","300","300","300","300","300","300","300","300","300","300","","","","","","","","","","","",
"Sint Maarten (Dutch part)","SXM","Lignes de chemin de fer (routes totales en km)","IS.RRS.TOTL.KM","","","","","","","","","","","","","","","","","","","","","","","","","","","","","","","","","","","","","","","","","","","","","","","","","","","","","","","","","","","","","","","",
"Seychelles","SYC","Lignes de chemin de fer (routes totales en km)","IS.RRS.TOTL.KM","","","","","","","","","","","","","","","","","","","","","","","","","","","","","","","","","","","","","","","","","","","","","","","","","","","","","","","","","","","","","","","",
"République arabe syrienne","SYR","Lignes de chemin de fer (routes totales en km)","IS.RRS.TOTL.KM","","","","","","","","","","","","","","","","","","","","","","","","","","","","","","","","","","","","1525","1525","1525","1525","1771","1771","1771","1888","1888","2023","2043","1801","2139","2139","2139","2139","","","","","","","","","","","","",
"Îles Turques-et-Caïques","TCA","Lignes de chemin de fer (routes totales en km)","IS.RRS.TOTL.KM","","","","","","","","","","","","","","","","","","","","","","","","","","","","","","","","","","","","","","","","","","","","","","","","","","","","","","","","","","","","","","","",
"Tchad","TCD","Lignes de chemin de fer (routes totales en km)","IS.RRS.TOTL.KM","","","","","","","","","","","","","","","","","","","","","","","","","","","","","","","","","","","","","","","","","","","","","","","","","","","","","","","","","","","","","","","",
"Asie de l’Est et Pacifique (BIRD et IDA)","TEA","Lignes de chemin de fer (routes totales en km)","IS.RRS.TOTL.KM","","","","","","","","","","","","","","","","","","","","","","","","","","","","","","","","","","","","","","","","","","","","","","","","","","","","","","","","","","","","","","","",
"Europe et Asie centrale (BIRD et IDA)","TEC","Lignes de chemin de fer (routes totales en km)","IS.RRS.TOTL.KM","","","","","","","","","","","","","","","","","","","","","","","","","","","","","","","","","","","","","","","","","","","","","","","","","","","","","","","","","","","","","","","",
"Togo","TGO","Lignes de chemin de fer (routes totales en km)","IS.RRS.TOTL.KM","","","","","","","","","","","","","","","","","","","","","","","","","","","","","","","","","","","","","","","","","","","","","","","","","","","","","","","","","","","","","","","",
"Thaïlande","THA","Lignes de chemin de fer (routes totales en km)","IS.RRS.TOTL.KM","","","","","","","","","","","","","","","","","","","","","","","","","","","","","","","","","","","","4041","4041","4041","4044","4044","4044","","","","","","","4429","","","4458","4458","","","","3742","3742","4092","","","","","",
"Tadjikistan","TJK","Lignes de chemin de fer (routes totales en km)","IS.RRS.TOTL.KM","","","","","","","","","","","","","","","","","","","","","","","","","","","","","","","","","","","","483","483","483","547","483","533","612","617","617","617","617","617","617","617","616","620.7","620.7","608","587","597","597","620","620","620","620","662","620","",
"Turkménistan","TKM","Lignes de chemin de fer (routes totales en km)","IS.RRS.TOTL.KM","","","","","","","","","","","","","","","","","","","","","","","","","","","","","","","","","","","","2153","2313","2313","2393","2365","2521","2523","2523","2523","2529","2529","3069","3181","3095.1","3110","3115","3115","3115","3115","3115","6230","6230","7680","7680","","","","",
"Amérique latine et Caraïbes (BIRD et IDA)","TLA","Lignes de chemin de fer (routes totales en km)","IS.RRS.TOTL.KM","","","","","","","","","","","","","","","","","","","","","","","","","","","","","","","","","","","","","","","","","","","","","","","","","","","","","","","","","","","","","","","",
"Timor-Leste","TLS","Lignes de chemin de fer (routes totales en km)","IS.RRS.TOTL.KM","","","","","","","","","","","","","","","","","","","","","","","","","","","","","","","","","","","","","","","","","","","","","","","","","","","","","","","","","","","","","","","",
"Afrique du Nord et Moyen-Orient (BIRD et IDA)","TMN","Lignes de chemin de fer (routes totales en km)","IS.RRS.TOTL.KM","","","","","","","","","","","","","","","","","","","","","","","","","","","","","","","","","","","","","","","","","","","","","","","","","","","","","","","","","","","","","","","",
"Tonga","TON","Lignes de chemin de fer (routes totales en km)","IS.RRS.TOTL.KM","","","","","","","","","","","","","","","","","","","","","","","","","","","","","","","","","","","","","","","","","","","","","","","","","","","","","","","","","","","","","","","",
"Asie du Sud (BIRD et IDA)","TSA","Lignes de chemin de fer (routes totales en km)","IS.RRS.TOTL.KM","","","","","","","","","","","","","","","","","","","","","","","","","","","","","","","","","","","","","","","","","","","","","","","","","","","","","","","","","","","","","","","",
"Afrique subsaharienne (BIRD et IDA)","TSS","Lignes de chemin de fer (routes totales en km)","IS.RRS.TOTL.KM","","","","","","","","","","","","","","","","","","","","","","","","","","","","","","","","","","","","","","","","","","","","","","","","","","","","","","","","","","","","","","","",
"Trinité-et-Tobago","TTO","Lignes de chemin de fer (routes totales en km)","IS.RRS.TOTL.KM","","","","","","","","","","","","","","","","","","","","","","","","","","","","","","","","","","","","","","","","","","","","","","","","","","","","","","","","","","","","","","","",
"Tunisie","TUN","Lignes de chemin de fer (routes totales en km)","IS.RRS.TOTL.KM","","","","","","","","","","","","","","","","","","","","","","","","","","","","","","","","","","","","1860","1820","1820","1860","2138","2152","2163","1909","1909","1909","1956","2218","2218","1991","","2165","","1867","","2244","2244","2244","2165","1777","1777","1777","1777","",
"Turquie","TUR","Lignes de chemin de fer (routes totales en km)","IS.RRS.TOTL.KM","","","","","","","","","","","","","","","","","","","","","","","","","","","","","","","","","","","","8549","8607","8607","8607","8682","8671","8671","8671","8697","8697","8697","8697","8697","8699","9080","9594","9642","9642","9718","10087","10131","10131","10207","10315","10378","10378","10546","",
"Tuvalu","TUV","Lignes de chemin de fer (routes totales en km)","IS.RRS.TOTL.KM","","","","","","","","","","","","","","","","","","","","","","","","","","","","","","","","","","","","","","","","","","","","","","","","","","","","","","","","","","","","","","","",
"Tanzanie","TZA","Lignes de chemin de fer (routes totales en km)","IS.RRS.TOTL.KM","","","","","","","","","","","","","","","","","","","","","","","","","","","","","","","","","","","","4460","4460","4581","4581","4582","4582","4582","4460","","2600","","","","","","","2707","","","","","","2701","","","","","",
"Ouganda","UGA","Lignes de chemin de fer (routes totales en km)","IS.RRS.TOTL.KM","","","","","","","","","","","","","","","","","","","","","","","","","","","","","","","","","","","","1241","1250","1185","594","261","259","259","259","","","","","","","","","","","","","","","","","","","","",
"Ukraine","UKR","Lignes de chemin de fer (routes totales en km)","IS.RRS.TOTL.KM","","","","","","","","","","","","","","","","","","","","","","","","","","","","","","","","","","","","22607","22602","22546","22510","22473","22302","22219","22079","22079","22011","22001","21891","21873","21676","21678","21705","21665.4","21642.5","21625.9","21625.9","20975.23","21603","21625.9","21625.9","21625.9","21625.9","","",
"Revenu intermédiaire, tranche supérieure","UMC","Lignes de chemin de fer (routes totales en km)","IS.RRS.TOTL.KM","","","","","","","","","","","","","","","","","","","","","","","","","","","","","","","","","","","","","","","","","","","","","","","","","","","","","","","","","","","","","","","",
"Uruguay","URY","Lignes de chemin de fer (routes totales en km)","IS.RRS.TOTL.KM","","","","","","","","","","","","","","","","","","","","","","","","","","","","","","","","","","","","3002","2993","2993","2993","2993","2993","2993","2993","2993","2993","2993","2993","1641","1641","","","","","","1498","1498","1498","1498","1498","1498","1498","1498","",
"États-Unis","USA","Lignes de chemin de fer (routes totales en km)","IS.RRS.TOTL.KM","","","","","","","","","","","","","","","","","","","","","","","","","","","","","","","","","","","","201284","203875","195804","192815","194708","194077","194746","198057","196806","195369","194025","191771","192508","192123","191785","194431","194136","153516.6","154321.5","152932.6","151735","151270","150966","150462.2976","149488.6469","148749.68684","148553.34734","",
"Ouzbékistan","UZB","Lignes de chemin de fer (routes totales en km)","IS.RRS.TOTL.KM","","","","","","","","","","","","","","","","","","","","","","","","","","","","","","","","","","","","3483","3483","3468","3641","3645","3645","4080","4126","4126","4014","4014","4005","4230","4229.6","4230","4227.2","4258.4","4192","4186","4202","4238","4304","4642","4642","4735","4732","4732","",
"Saint-Vincent-et-les Grenadines","VCT","Lignes de chemin de fer (routes totales en km)","IS.RRS.TOTL.KM","","","","","","","","","","","","","","","","","","","","","","","","","","","","","","","","","","","","","","","","","","","","","","","","","","","","","","","","","","","","","","","",
"Venezuela","VEN","Lignes de chemin de fer (routes totales en km)","IS.RRS.TOTL.KM","","","","","","","","","","","","","","","","","","","","","","","","","","","","","","","","","","","","336","336","336","336","336","336","336","336","336","336","336","336","","","","","","","","","","","","","","","","",
"Îles Vierges britanniques","VGB","Lignes de chemin de fer (routes totales en km)","IS.RRS.TOTL.KM","","","","","","","","","","","","","","","","","","","","","","","","","","","","","","","","","","","","","","","","","","","","","","","","","","","","","","","","","","","","","","","",
"Îles Vierges (EU)","VIR","Lignes de chemin de fer (routes totales en km)","IS.RRS.TOTL.KM","","","","","","","","","","","","","","","","","","","","","","","","","","","","","","","","","","","","","","","","","","","","","","","","","","","","","","","","","","","","","","","",
"Viet Nam","VNM","Lignes de chemin de fer (routes totales en km)","IS.RRS.TOTL.KM","","","","","","","","","","","","","","","","","","","","","","","","","","","","","","","","","","","","2832","2646","2414","2632","2632","3142","2347","2545","2600","2671","3147","3147","3147","3147","3147","2576.563","2347","2347","2347","3186","3186","2581","2367","2382","2481","3159","3159","",
"Vanuatu","VUT","Lignes de chemin de fer (routes totales en km)","IS.RRS.TOTL.KM","","","","","","","","","","","","","","","","","","","","","","","","","","","","","","","","","","","","","","","","","","","","","","","","","","","","","","","","","","","","","","","",
"Monde","WLD","Lignes de chemin de fer (routes totales en km)","IS.RRS.TOTL.KM","","","","","","","","","","","","","","","","","","","","","","","","","","","","","","","","","","","","","","","","","","","","","","","","","","","","","","","","","","","","","","","",
"Samoa","WSM","Lignes de chemin de fer (routes totales en km)","IS.RRS.TOTL.KM","","","","","","","","","","","","","","","","","","","","","","","","","","","","","","","","","","","","","","","","","","","","","","","","","","","","","","","","","","","","","","","",
"Kosovo","XKX","Lignes de chemin de fer (routes totales en km)","IS.RRS.TOTL.KM","","","","","","","","","","","","","","","","","","","","","","","","","","","","","","","","","","","","","","","","","","","","","","","","","","","","","","","","","","","","","","","",
"Yémen, Rép. du","YEM","Lignes de chemin de fer (routes totales en km)","IS.RRS.TOTL.KM","","","","","","","","","","","","","","","","","","","","","","","","","","","","","","","","","","","","","","","","","","","","","","","","","","","","","","","","","","","","","","","",
"Afrique du Sud","ZAF","Lignes de chemin de fer (routes totales en km)","IS.RRS.TOTL.KM","","","","","","","","","","","","","","","","","","","","","","","","","","","","","","","","","","","","","","","","","","","","","","","","","","","","","","","","20953","20953","20953","20953","20953","20953","20953","",
"Zambie","ZMB","Lignes de chemin de fer (routes totales en km)","IS.RRS.TOTL.KM","","","","","","","","","","","","","","","","","","","","","","","","","","","","","","","","","","","","1273","1273","1273","1273","1273","","","","","","","","","","","","","","","","","","1248","1248","1248","","","",
"Zimbabwe","ZWE","Lignes de chemin de fer (routes totales en km)","IS.RRS.TOTL.KM","","","","","","","","","","","","","","","","","","","","","","","","","","","","","","","","","","","","","","","","","","","","","","","","2583","","","","","","","","","","","3120","3120","3120","","",
